Name,country,gender,Flights,Total Flights,Year,Group,Status,birth_date,birth_place,Alma Mater,undergraduate_major,Graduate Major,Military Rank,military_branch,space_flights,Missions,Death Date,Death Mission,Region,Total Flight Time in Minutes,major_category
Alan Bean,United States,Man,"Apollo 12 (1969), Skylab 3 (1973)",2,1963.0,3.0,Retired,1932,Texas,University of Texas,Aeronautical Engineering,0,Captain,US Navy,2,"Apollo 12, Skylab 3",0,0,South,100305,engineering/tech
Alan G. Poindexter,United States,Man,"STS-122 (2008), STS-131 (2010)",2,1998.0,17.0,Deceased,1961,California,Georgia Institute of Technology; US Naval Postgraduate School,Aerospace Engineering,Aeronautical Engineering,Captain,US Navy,2,"STS-122 (Atlantis), STS-131 (Discovery)",7/1/2012,0,West,40149,engineering/tech
Alfred Worden,United States,Man,Apollo 15 (1971),1,1966.0,5.0,Retired,1932,Michigan,US Military Academy; University of Michigan,Military Science,Aeronautical & Astronautical Engineering,Colonel,US Air Force,1,Apollo 15,0,0,Midwest,17711,business/social sciences
Andrew J. Feustel,United States,Man,"STS-125 (2009), STS-134 (2011), Soyuz MS-08 (2018)",3,2000.0,18.0,Active,1965,Pennsylvania,Purdue University; Queen’s University-Canada,Solid Earth Sciences,Geophysics; Seismology,0,Civilian,2,"STS-125 (Atlantis), STS-134 (Endeavor)",0,0,Northeast,323115,life/earth sciences
Andrew M. Allen,United States,Man,"STS-46 (1992), STS-62 (1994), STS-75 (1996)",3,1987.0,12.0,Retired,1955,Pennsylvania,Villanova University; University of Florida,Mechanical Engineering,Business Administration,Lieutenant Colonel,US Marine Corps,3,"STS-46 (Atlantis), STS-62 (Columbia), STS-75 (Columbia)",0,0,Northeast,54253,engineering/tech
Anthony W. England,United States,Man,STS-51-F (1985),1,1967.0,6.0,Retired,1942,Indiana,MIT,Geology,Geology; Geophysics,0,Civilian,1,STS 51-F (Challenger),0,0,Midwest,11445,life/earth sciences
Barbara Morgan,United States,Woman,STS-118 (2007),1,1998.0,17.0,Retired,1951,California,Stanford University,Human Biology,0,0,Civilian,1,STS-118 (Endeavor),0,0,West,18356,life/earth sciences
Barry Wilmore,United States,Man,"STS-129 (2009), Soyuz TMA-14M (2014)",2,2000.0,18.0,Active,1962,Tennessee,Tennessee Technological University; University of Tennessee,Electrical Engineering,Electrical Engineering; Aviation Systems,Captain,US Navy,2,"STS-129 (Atlantis), ISS-41/42 (Soyuz)",0,0,South,256378,engineering/tech
"Bernard A. Harris, Jr.",United States,Man,"STS-55 (1993), STS-63 (1995)",2,1990.0,13.0,Retired,1956,Texas,University of Houston; Texas Tech University,Biology,Medicine,0,Civilian,2,"STS-55 (Columbia), STS-63 (Discovery)",0,0,South,26288,life/earth sciences
Bonnie J. Dunbar,United States,Woman,"STS-61-A (1985), STS-32 (1990), STS-50 (1992), STS-71 (1995), STS-89 (1998)",5,1980.0,9.0,Retired,1949,Washington,University of Washington; University of Houston,Ceramic Engineering,Ceramic Engineering; Biomedical Engineering,0,Civilian,5,"STS 61-A (Challenger), STS-32 (Columbia), STS-50 (Columbia), STS-71 (Atlantis), STS-89 (Endeavor)",0,0,West,72506,engineering/tech
Brian Duffy,United States,Man,"STS-45 (1992), STS-57 (1993), STS-72 (1996), STS-92 (2000)",4,1985.0,11.0,Retired,1953,Massachusetts,US Air Force Academy; University of Southern California,Mathematics,Systems Management,Colonel,US Air Force,4,"STS-45 (Atlantis), STS-57 (Endeavor), STS-72 (Endeavor), STS-92 (Discovery)",0,0,Northeast,58657,physical sciences/math
Bruce McCandless II,United States,Man,"STS-41-B (1984), STS-31 (1990)",2,1966.0,5.0,Retired,1937,Massachusetts,US Naval Academy; Stanford University; University of Houston-Clear Lake,0,Electrical Engineering; Business Administration,Captain,US Navy,2,"STS 41-B (Challenger), STS-31 (Discovery)",0,0,Northeast,18752,other/interdisciplinary
Bruce Melnick,United States,Man,"STS-41 (1990), STS-49 (1992)",2,1987.0,12.0,Retired,1949,New York,US Coast Guard Academy; West Florida University,Engineering,Aeronautical Systems,Commander,US Coast Guard,2,"STS-41 (Discovery), STS-49 (Endeavor)",0,0,Northeast,18807,engineering/tech
Bryan O'Connor,United States,Man,"STS-61-B (1985), STS-40 (1991)",2,1980.0,9.0,Retired,1946,California,US Naval Academy; West Florida University,Engineering,Aeronautical Systems,Colonel,US Marine Corps,2,"STS 61-B (Atlantis), STS-40 (Columbia)",0,0,West,22999,engineering/tech
Buzz Aldrin,United States,Man,"Gemini 12 (1966), Apollo 11 (1969)",2,1963.0,3.0,Retired,1930,New Jersey,US Military Academy; MIT,Mechanical Engineering,Astronautics,Colonel,US Air Force,2,"Gemini 12, Apollo 11",0,0,Northeast,17393,engineering/tech
Byron Lichtenberg,United States,Man,"STS-9 (1983), STS-45 (1992)",2,0.0,0.0,Retired,1948,Pennsylvania,Brown University; MIT,Aerospace Engineering,Mechanical Engineering; Biomedical Engineering,0,Civilian,2,"STS-9 (Columbia), STS-45 (Atlantis)",0,0,Northeast,27656,engineering/tech
Carl Meade,United States,Man,"STS-38 (1990), STS-50 (1992), STS-64 (1994)",3,1985.0,11.0,Retired,1950,Illinois,University of Texas; California Institute of Technology,Electronics Engineering,Electronics Engineering,Colonel,US Air Force,3,"STS-38 (Atlantis), STS-50 (Columbia), STS-64 (Discovery)",0,0,Midwest,42734,engineering/tech
Carl Walz,United States,Man,"STS-51 (1993), STS-65 (1994), STS-79 (1996), STS-108 (2001)",4,1990.0,13.0,Retired,1955,Ohio,Kent State University; John Carroll University,Physics,Solid State Physics,Colonel,US Air Force,4,"STS-51 (Discovery), STS-65 (Columbia), STS-79 (Atlantis), STS-108/111 (Endeavor)",0,0,Midwest,331983,physical sciences/math
Catherine Coleman,United States,Woman,"STS-73 (1995), STS-93 (1999), Soyuz TMA-20 (2010)",3,1992.0,14.0,Active,1960,South Carolina,MIT; University of Massachusetts,Chemistry,Polymer Science & Engineering,Colonel,US Air Force,3,"STS-73 (Columbia), STS-93 (Columbia), ISS-26/27 (Soyuz)",0,0,South,259439,physical sciences/math
Charles Camarda,United States,Man,STS-114 (2005),1,1996.0,16.0,Management,1952,New York,Polytechnic Institute of Brooklyn; George Washington University; Virginia Polytechnic Institute,Aerospace Engineering,Engineering Science; Aerospace Engineering,0,Civilian,1,STS-114 (Discovery),0,0,Northeast,20012,engineering/tech
Charles D. Walker,United States,Man,"STS-41-D (1984), STS-51-D (1985), STS-61-B (1985)",3,0.0,0.0,Retired,1948,Indiana,Purdue University,Aeronautical & Astronautical Engineering,0,0,Civilian,3,"STS 41-D (Discovery), STS 51-D (Discovery), STS 61-B (Atlantis)",0,0,Midwest,28676,engineering/tech
Charles Gemar,United States,Man,"STS-38 (1990), STS-48 (1991), STS-62 (1994)",3,1985.0,11.0,Retired,1955,South Dakota,US Military Academy,Engineering,0,Lieutenant Colonel,US Army,3,"STS-38 (Atlantis), STS-48 (Discovery), STS-62 (Columbia)",0,0,Midwest,34899,engineering/tech
Charles Hobaugh,United States,Man,"STS-104 (2001), STS-108 (2001), STS-129 (2009)",3,1996.0,16.0,Retired,1961,Maine,US Naval Academy,Aerospace Engineering,0,Colonel,US Marine Corps,3,"STS-104 (Atlantis), STS-118 (Endeavor), ST-129 (Atlantis)",0,0,Northeast,50966,engineering/tech
Charles Precourt,United States,Man,"STS-55 (1993), STS-71 (1995), STS-84 (1997), STS-91 (1998)",4,1990.0,13.0,Retired,1955,Massachusetts,US Air Force Academy; Golden Gate University; US Naval War College,Aeronautical Engineering,Engineering Management; Strategic Studies,Colonel,US Air Force,4,"STS-55 (Columbia), STS-71 (Atlantis), STS-84 (Atlantis), STS-91 (Discovery)",0,0,Northeast,55876,engineering/tech
Charles Veach,United States,Man,"STS-39 (1991), STS-52 (1992)",2,1984.0,10.0,Deceased,1944,Illinois,US Air Force Academy,Engineering Management,0,0,Civilian,2,"STS-39 (Discovery), STS-52 (Columbia)",10/3/1995,0,Midwest,26062,engineering/tech
Christopher Cassidy,United States,Man,"STS-127 (2009), Soyuz TMA-08M (2013), Soyuz MS-16 (2020)",3,2004.0,19.0,Active,1970,Massachusetts,US Naval Academy; MIT,Mathematics,Ocean Engineering,Commander,US Navy,1,STS-127 (Endeavor); ISS-35/36 (Soyuz),0,0,Northeast,543948,physical sciences/math
Christopher Ferguson,United States,Man,"STS-115 (2006), STS-126 (2008), STS-135 (2011)",3,1998.0,17.0,Retired,1961,Pennsylvania,Drexel University; US Naval Postgraduate School,Mechanical Engineering,Aeronautical Engineering,Captain,US Navy,3,"STS-115 (Atlantis), STS-126 (Endeavor), STS-135 (Atlantis)",0,0,Northeast,58204,engineering/tech
Clayton Anderson,United States,Man,"STS-117 (2007), STS-131 (2010)",2,1998.0,17.0,Retired,1959,Nebraska,Hastings College; Iowa State University,Physics,Aerospace Engineering,0,Civilian,2,"STS-117/120 (Atlantis/Discovery), STS-131 (Discovery)",0,0,Midwest,240310,physical sciences/math
Dale Gardner,United States,Man,"STS-8 (1983), STS-51-A (1984)",2,1978.0,8.0,Retired,1948,Minnesota,University of Illinois,Engineering Physics,0,Captain,US Navy,2,"STS-8 (Challenger), STS 51-A (Discovery)",0,0,Midwest,20213,engineering/tech
Daniel Barry,United States,Man,"STS-72 (1996), STS-96 (1999), STS-105 (2001)",3,1992.0,14.0,Retired,1953,Connecticut,Cornell University; Princeton University; University of Miami,Electrical Engineering,Electrical Engineering; Computer Science; Medicine,0,Civilian,3,"STS-72 (Endeavor), STS-96 (Discovery), STS-105 (Discovery)",0,0,Northeast,43826,engineering/tech
Daniel Brandenstein,United States,Man,"STS-8 (1983), STS-51-G (1985), STS-32 (1990), STS-49 (1992)",4,1978.0,8.0,Retired,1943,Wisconsin,University of Wisconsin,Mathematics & Physics,0,Captain,US Navy,4,"STS-8 (Challenger), STS 51-G (Discovery), STS-32 (Columbia), STS-49 (Endeavor)",0,0,Midwest,47465,physical sciences/math
Daniel Burbank,United States,Man,"STS-106 (2000), STS-115 (2006), Soyuz TMA-22 (2011)",3,1996.0,16.0,Active,1961,Connecticut,US Coast Guard Academy; Embry-Riddle Aeronautical University,Electrical Engineering,Aeronautical Science,Captain,US Coast Guard,3,"STS-106 (Atlantis), STS-115 (Atlantis), ISS-29/30 (Soyuz)",0,0,Northeast,270587,engineering/tech
Daniel Bursch,United States,Man,"STS-51 (1993), STS-68 (1994), STS-77 (1996), STS-108 (2001)",4,1990.0,13.0,Retired,1957,Pennsylvania,US Naval Academy; US Naval Postgraduate School,Physics,Engineering Science,Captain,US Navy,4,"STS-51 (Discovery), STS-68 (Endeavor), STS-77 (Endeavor), STS-108/111 (Endeavor)",0,0,Northeast,326775,physical sciences/math
Daniel Tani,United States,Man,"STS-108 (2001), STS-120 (2007)",2,1996.0,16.0,Retired,1961,Pennsylvania,MIT,Mechanical Engineering,Mechanical Engineering,0,Civilian,2,"STS-108 (Endeavor), STS-120/122 (Discovery/Atlantis)",0,0,Northeast,189725,engineering/tech
David Hilmers,United States,Man,"STS-51-J (1985), STS-26 (1988), STS-36 (1990), STS-42 (1992)",4,1980.0,9.0,Retired,1950,Iowa,Cornell University; US Naval Postgraduate School,Mathematics,Electrical Engineering,Colonel,US Marine Corps,4,"ST 51-J (Atlantis), STS-26 (Discovery), STS-36 (Atlantis), STS-42 (Discovery)",0,0,Midwest,29657,physical sciences/math
David Leestma,United States,Man,"STS-41-G (1984), STS-28 (1989), STS-45 (1992)",3,1980.0,9.0,Management,1949,Michigan,US Naval Academy; US Naval Postgraduate School,Aeronautical Engineering,Aeronautical Engineering,Captain,US Navy,3,"STS 41-G (Challenger), STS-28 (Columbia), STS-45 (Atlantis)",0,0,Midwest,31953,engineering/tech
David M. Brown,United States,Man,STS-107 (2003),1,1996.0,16.0,Deceased,1956,Virginia,College of William & Mary; Eastern Virginia Medical School,Biology,Medicine,Captain,US Navy,1,STS-107 (Columbia),2/1/2003,STS-107 (Columbia),South,22940,life/earth sciences
David M. Walker,United States,Man,"STS-51-A (1984), STS-30 (1989), STS-53 (1992), STS-69 (1995)",4,1978.0,8.0,Deceased,1944,Georgia,US Naval Academy,Naval Sciences,0,Captain,US Navy,4,"STS 51-A (Discovery), STS-30 (Atlantis), STS-53 (Discovery), STS-69 (Endeavor)",4/23/2001,0,South,43470,business/social sciences
David Scott,United States,Man,"Gemini 8 (1966), Apollo 9 (1969), Apollo 15 (1971)",3,1963.0,3.0,Retired,1932,Texas,US Military Academy; MIT,0,Aeronautics & Astronautics,Colonel,US Air Force,3,"Gemini 8, Apollo 9, Apollo 15",0,0,South,32814,other/interdisciplinary
Dominic A. Antonelli,United States,Man,"STS-119 (2009), STS-132 (2010)",2,2000.0,18.0,Active,1967,Michigan,MIT; University of Washington,Aeronautics & Astronautics,Aeronautics & Astronautics,Commander,US Navy,2,"STS-119 (Discovery), STS-132 (Atlantis)",0,0,Midwest,35399,engineering/tech
Dominic Gorie,United States,Man,"STS-91 (1998), STS-99 (2000), STS-108 (2001), STS-123 (2008)",4,1995.0,15.0,Retired,1957,Louisiana,US Naval Academy; University of Tennessee,Ocean Engineering,Aviation Systems,Captain,US Navy,4,"STS-91 (Discovery), STS-99 (Endeavor), STS-123 (Endeavor), STS-108 (Endeavor)",0,0,South,70043,engineering/tech
Don Lind,United States,Man,STS-51-B (1985),1,1966.0,5.0,Retired,1930,Utah,University of Utah; University of California-Berkley,Physics,Nuclear Physics,0,Civilian,1,STS 51-B (Challenger),0,0,West,10088,physical sciences/math
"Donald ""Deke"" Slayton",United States,Man,Apollo-Soyuz Test Project (1975),1,1959.0,1.0,Deceased,1924,Wisconsin,University of Minnesota,Aeronautical Engineering,0,Major,US Air Force,1,Apollo-Soyuz Test Project,6/13/1993,0,Midwest,13048,engineering/tech
Donald McMonagle,United States,Man,"STS-39 (1991), STS-54 (1993), STS-66 (1994)",3,1987.0,12.0,Retired,1952,Michigan,US Air Force Academy; California State University-Fresno,Astronautical Engineering,Mechanical  Engineering,Colonel,US Air Force,3,"STS-39 (Discovery), STS-54 (Endeavor), STS-66 (Atlantis)",0,0,Midwest,36334,engineering/tech
Donald Peterson,United States,Man,STS-6 (1983),1,1969.0,7.0,Retired,1933,Mississippi,US Military Academy; US Air Force Institute of Technology,0,Nuclear Engineering,Colonel,US Air Force,1,STS-6 (Challenger),0,0,South,7223,other/interdisciplinary
Donald Pettit,United States,Man,"STS-113 (2002), STS-126 (2008), Soyuz TMA-03M (2011)",3,1996.0,16.0,Active,1955,Oregon,Oregon State University; University of Arizona,Chemical Engineering,Chemical Engineering,0,Civilian,3,"ISS-6 (Soyuz), STS-126 (Endeavor), ISS-30/31 (Soyuz)",0,0,West,533802,engineering/tech
Donald Thomas,United States,Man,"STS-65 (1994), STS-70 (1995), STS-83 (1997), STS-94 (1997)",4,1990.0,13.0,Retired,1955,Ohio,Case Western Reserve University; Cornell University,Physics,Materials Science,0,Civilian,4,"STS-65 (Columbia), STS-70 (Discovery), STS-83 (Columbia), STS-94 (Columbia)",0,0,Midwest,62413,physical sciences/math
Donald Williams,United States,Man,"STS-51-D (1985), STS-34 (1989)",2,1978.0,8.0,Retired,1958,Indiana,Purdue University,Mechanical Engineering,0,Captain,US Navy,2,"STS 51-D (Discovery), STS-34 (Atlantis)",0,0,Midwest,17254,engineering/tech
Donn F. Eisele,United States,Man,Apollo 7 (1968),1,1963.0,3.0,Deceased,1930,Ohio,US Naval Academy; US Air Force Institute of Technology,Astronautics,Astronautics,Colonel,US Air Force,1,Apollo 7,12/2/1987,0,Midwest,15609,engineering/tech
Douglas G. Hurley,United States,Man,"STS-127 (2009), STS-135 (2011), Crew Dragon Demo-2 (2020)",3,2000.0,18.0,Active,1966,New York,Tulane University,Civil Engineering,0,Colonel,US Marine Corps,2,"STS-127 (Endeavor), STS-135 (Atlantis)",0,0,Northeast,133118,engineering/tech
Douglas Wheelock,United States,Man,"STS-120 (2007), Soyuz TMA-19 (2010)",2,1998.0,17.0,Active,1960,New York,US Military Academy; Georgia Institute of Technology,Applied Science & Engineering,Aerospace Engineering,Colonel,US Army,2,"STS-120 (Discovery), ISS-24/25 (Soyuz)",0,0,Northeast,256893,engineering/tech
Duane G. Carey,United States,Man,STS-109 (2002),1,1996.0,16.0,Retired,1957,Minnesota,University of Minnesota-Minneapolis,Aerospace Engineering & Mechanics,Aerospace Engineering,Lieutenant Colonel,US Air Force,1,STS-109 (Columbia),0,0,Midwest,15731,engineering/tech
Edgar Mitchell,United States,Man,Apollo 14 (1971),1,1966.0,5.0,Retired,1930,Texas,Carnegie-Mellon University; US Naval Postgraduate School; MIT,Industrial Management,Aeronautical Engineering; Aeronautics & Astronautics,Captain,US Navy,1,Apollo 14,0,0,South,12961,business/social sciences
Edward Gibson,United States,Man,Skylab 4 (1973),1,1965.0,4.0,Retired,1936,New York,University of Rochester; California Institute of Technology,Engineering,Engineering,0,Civilian,1,Skylab 4,0,0,Northeast,121035,engineering/tech
Edward Lu,United States,Man,"STS-84 (1997), STS-106 (2000), Soyuz TMA-2 (2003)",3,1995.0,15.0,Retired,1963,Massachusetts,Cornell University; Stanford University,Electrical Engineering,Applied Physics,0,Civilian,3,"STS-84 (Atlantis), STS-106 (Atlantis), ISS-07 (Soyuz)",0,0,Northeast,295096,engineering/tech
Eileen Collins,United States,Woman,"STS-63 (1995), STS-84 (1997), STS-93 (1999), STS-114 (2005)",4,1990.0,13.0,Retired,1959,New York,Syracuse University; Stanford University; Webster University,Mathematics & Economics,Operations Research; Space Systems Management,Colonel,US Air Force,4,"STS-63 (Discovery), STS-84 (Atlantis), STS-114 (Columbia), STS-93 (Discovery)",0,0,Northeast,52270,physical sciences/math
Ellen Ochoa,United States,Woman,"STS-56 (1993), STS-66 (1994), STS-96 (1999), STS-110 (2002)",4,1990.0,13.0,Management,1958,California,San Diego State University; Stanford University,Physics,Electrical Engineering,0,Civilian,4,"STS-56 (Discovery), STS-66 (Atlantis), STS-96 (Discovery), STS-110 (Atlantis)",0,0,West,58538,physical sciences/math
Ellison Onizuka,United States,Man,STS-51-C (1985),1,1978.0,8.0,Deceased,1946,Hawaii,University of Colorado,Aerospace Engineering,Aerospace Engineering,Lieutenant Colonel,US Air Force,2,"STS 51-C (Discovery), STS 51-L (Challenger)",1/28/1986,STS 51-L (Challenger),West,4413,engineering/tech
Eric A. Boe,United States,Man,"STS-126 (2008), STS-133 (2011)",2,2000.0,18.0,Active,1964,Florida,US Air Force Academy; Georgia Institute of Technology,Aeronautical Engineering,Electrical Engineering,Colonel,US Air Force,2,"STS-126 (Endeavor), STS-133 (Discovery)",0,0,South,41254,engineering/tech
Eugene Cernan,United States,Man,"Gemini 9A (1966), Apollo 10 (1969), Apollo 17 (1972)",3,1963.0,3.0,Retired,1934,Illinois,Purdue University; US Naval Postgraduate School,Electrical Engineering,Aeronautical Engineering,Captain,US Navy,3,"Gemini 9, Apollo 10, Apollo 17",0,0,Midwest,33976,engineering/tech
Frank Borman,United States,Man,"Gemini 7 (1965), Apollo 8 (1968)",2,1962.0,2.0,Retired,1928,Indiana,US Military Academy; California Institute of Technology,0,Aeronautical Engineering,Colonel,US Air Force,2,"Gemini 7, Apollo 8",0,0,Midwest,28655,other/interdisciplinary
"Frank L. Culbertson, Jr.",United States,Man,"STS-38 (1990), STS-51 (1993), STS-105 (2001)",3,1984.0,10.0,Retired,1949,South Carolina,US Naval Academy,Aerospace Engineering,0,Captain,US Navy,3,"STS-38 (Atlantis), STS-51 (Discovery), STS-105/108 (Discovery/Endeavor)",0,0,South,206811,engineering/tech
Frederick Hauck,United States,Man,"STS-7 (1983), STS-51-A (1984), STS-26 (1988)",3,1978.0,8.0,Retired,1941,California,Tufts University; MIT,Physics,Nuclear Engineering,Captain,US Navy,3,"STS-7 (Challenger), STS 51-A (Discovery), STS-26 (Discovery)",0,0,West,26109,physical sciences/math
Frederick Sturckow,United States,Man,"STS-88 (1998), STS-105 (2001), STS-117 (2007), STS-128 (2009)",4,1995.0,15.0,Retired,1961,California,California Polytechnic State University,Mechanical Engineering,0,Colonel,US Marine Corps,4,"STS-88 (Endeavor), STS-105 (Discovery), STS-117 (Atlantis), STS-128 (Discovery)",0,0,West,74015,engineering/tech
G. David Low,United States,Man,"STS-32 (1990), STS-43 (1991), STS-57 (1993)",3,1984.0,10.0,Deceased,1956,Ohio,Washington & Lee University; Cornell University; Stanford University,Physics & Engineering,Mechanical Engineering; Aeronautics & Astronautics,0,Civilian,3,"STS-32 (Columbia), STS-43 (Atlantis), STS-57 (Endeavor)",3/15/2008,0,Midwest,42847,engineering/tech
Garrett Reisman,United States,Man,"STS-123 (2008), STS-132 (2010)",2,1998.0,17.0,Retired,1968,New Jersey,University of Pennsylvania; California Institute of Technology,Economics,Mechanical  Engineering,0,Civilian,2,"STS-123/124 (Endeavor/Discovery), STS-132 (Atlantis)",0,0,Northeast,154276,business/social sciences
Gary Payton,United States,Man,STS-51-C (1985),1,0.0,0.0,Retired,1948,Illinois,US Air Force Academy; Purdue University,Astronautical Engineering,Astronautical & Aeronautical Engineering,Major,US Air Force,1,STS 51-C (Discovery),0,0,Midwest,4413,engineering/tech
George D. Zamka,United States,Man,"STS-120 (2007), STS-130 (2010)",2,1998.0,17.0,Retired,1962,New Jersey,US Naval Academy; Florida Institute of Technology,Mathematics,Engineering Management,Colonel,US Marine Corps,2,"STS-120 (Discovery), STS-130 (Endeavor)",0,0,Northeast,41551,physical sciences/math
George Nelson,United States,Man,"STS-41-C (1984), STS-61-C (1986), STS-26 (1988)",3,1978.0,8.0,Retired,1950,Iowa,Harvey Mudd College; University of Washington,Physics,Astronomy,0,Civilian,3,"STS 41-C (Challenger), STS 61-C (Columbia), STS-26 (Discovery)",0,0,Midwest,24644,physical sciences/math
Gerald P. Carr,United States,Man,Skylab 4 (1973),1,1966.0,5.0,Retired,1932,Colorado,University of Southern California; US Naval Postgraduate School; Princeton University,Mechanical Engineering,Aeronautical Engineering,Colonel,US Marine Corps,1,Skylab 4,0,0,West,121035,engineering/tech
Gregory B. Jarvis,United States,Man,STS-51-L (1986),1,0.0,0.0,Deceased,1944,Michigan,State University of New York at Buffalo; Northeastern University,Electrical Engineering,Electrical Engineering,0,Civilian,1,STS 51-L (Challenger),1/28/1986,STS 51-L (Challenger),Midwest,1,engineering/tech
Gregory C. Johnson,United States,Man,STS-125 (2009),1,1998.0,17.0,Management,1954,Washington,University of Washington,Aerospace Engineering,0,Captain,US Navy,1,STS-125 (Atlantis),0,0,West,18577,engineering/tech
Gregory H. Johnson,United States,Man,"STS-123 (2008), STS-134 (2011)",2,1998.0,17.0,Management,1954,Washington,University of Washington,Aerospace Engineering,0,Captain,US Navy,1,STS-125 (Atlantis),0,0,West,45350,engineering/tech
Gregory Harbaugh,United States,Man,"STS-39 (1991), STS-54 (1993), STS-71 (1995), STS-82 (1997)",4,1987.0,12.0,Retired,1956,Ohio,Purdue University; University of Houston-Clear Lake,Aeronautical & Astronautical Engineering,Physical Science,0,Civilian,4,"STS-39 (Discovery), STS-54 (Endeavor), STS-71 (Atlantis), STS-82 (Discovery)",0,0,Midwest,49080,engineering/tech
Gregory Linteris,United States,Man,"STS-83 (1997), STS-94 (1997)",2,0.0,0.0,Retired,1957,New Jersey,Princeton University; Stanford University,Chemical Engineering,Mechanical Engineering; Mechanical & Aerospace Engineering,0,Civilian,2,"STS-83 (Columbia), STS-94 (Columbia)",0,0,Northeast,28317,engineering/tech
Guy Gardner,United States,Man,"STS-27 (1988), STS-35 (1990)",2,1980.0,9.0,Retired,1948,Virginia,US Air Force Academy; Purdue University,Engineering Sciences; Astronautics & Mathematics,Astronautics,Colonel,US Air Force,2,"STS-27 (Atlantis), STS-35 (Columbia)",0,0,South,19210,engineering/tech
Harrison Schmitt,United States,Man,Apollo 17 (1972),1,1965.0,4.0,Retired,1935,New Mexico,California Institute of Technology; Harvard University,Geology,Geology,0,Civilian,1,Apollo 17,0,0,West,18111,life/earth sciences
Heidemarie Stefanyshyn-Piper,United States,Woman,"STS-115 (2006), STS-126 (2008)",2,1996.0,16.0,Retired,1963,Minnesota,MIT,Mechanical Engineering,0,Captain,US Navy,2,"STS-115 (Atlantis), STS-126 (Endeavor)",0,0,Midwest,39816,engineering/tech
Jack D. Fischer,United States,Man,Soyuz MS-04 (2017),1,2009.0,20.0,Active,1974,Colorado,US Air Force Academy; MIT,Astronautical Engineering,Aeronautics & Astronautics,0,Civilian,0,0,0,0,West,195488,engineering/tech
Jack Lousma,United States,Man,"Skylab 3 (1973), STS-3 (1982)",2,1966.0,5.0,Retired,1936,Michigan,University of Michigan; US Naval Postgraduate School,Aeronautical Engineering,Aeronautical Engineering,Colonel,US Marine Corps,2,"Skylab 3, STS-3 (Columbia)",0,0,Midwest,97153,engineering/tech
"James ""Ox"" van Hoften",United States,Man,"STS-41-C (1984), STS-51-I (1985)",2,1978.0,8.0,Retired,1944,California,University of California-Berkeley; Colorado State University,Civil Engineering,Hydraulic Engineering; Fluid Mechanics,0,Civilian,2,"STS 41-C (Challenger), STS 51-I (Discovery)",0,0,West,20277,engineering/tech
James Adamson,United States,Man,"STS-28 (1989), STS-43 (1991)",2,1984.0,10.0,Retired,1946,New York,US Military Academy; Princeton University,Engineering,Aerospace Engineering,Colonel,US Army,2,"STS-28 (Columbia), STS-43 (Atlantis)",0,0,Northeast,20061,engineering/tech
James Buchli,United States,Man,"STS-51-C (1985), STS-61-A (1985), STS-29 (1989), STS-48 (1991)",4,1978.0,8.0,Retired,1945,North Dakota,US Naval Academy; University of West Florida,Aeronautical Engineering,Aeronautical Engineering Systems,Colonel,US Marine Corps,4,"STS 51-C (Discovery), STS 61-A (Challenger), STS-29 (Discovery), STS-48 (Discovery",0,0,Midwest,29424,engineering/tech
James H. Newman,United States,Man,"STS-51 (1993), STS-69 (1995), STS-88 (1998), STS-109 (2002)",4,1990.0,13.0,Retired,1956,California,Dartmouth College; Rice University,Physics,Physics,0,Civilian,4,"STS-51 (Discovery), STS-69 (Endeavor), STS-88 (Endeavor), STS- 109 (Columbia)",0,0,West,62529,physical sciences/math
James Irwin,United States,Man,Apollo 15 (1971),1,1966.0,5.0,Deceased,1930,Pennsylvania,US Naval Academy; University of Michigan,Naval Sciences,Aeronautical Engineering,Colonel,US Air Force,1,Apollo 15,8/8/1991,0,Northeast,17711,business/social sciences
James M. Kelly,United States,Man,"STS-102 (2001), STS-114 (2005)",2,1996.0,16.0,Management,1964,Iowa,US Air Force Academy; University of Alabama,Astronautical Engineering,Aerospace Engineering,Colonel,US Air Force,2,"STS-102 (Discovery), STS-114 (Discovery)",0,0,Midwest,38483,engineering/tech
James McDivitt,United States,Man,"Gemini 4 (1965), Apollo 9 (1969)",2,1984.0,2.0,Retired,1929,Illinois,University of Michigan,Astronautical Engineering,0,Brigadier General,US Air Force,2,"Gemini 4, Apollo 9",0,0,Midwest,20337,engineering/tech
James Pawelczyk,United States,Man,STS-90 (1998),1,0.0,0.0,Retired,1960,New York,University of Rochester; Pennsylvania State University; University of North Texas,Biology & Psychology,Physiology; Biology,0,Civilian,1,STS-90 (Columbia),0,0,Northeast,22910,life/earth sciences
James Voss,United States,Man,"STS-44 (1991), STS-53 (1992), STS-69 (1995), STS-101 (2000), STS-102 (2001)",5,1987.0,12.0,Retired,1949,Alabama,Auburn University; University of Colorado,Aerospace Engineering,Aerospace Engineering Sciences,Colonel,US Army,5,"STS-44 (Atlantis), STS-53 (Discovery), STS-69 (Endeavor), STS-101 (Atlantis), STS-102/105 (Discovery)",0,0,South,291209,engineering/tech
James Wetherbee,United States,Man,"STS-32 (1990), STS-52 (1992), STS-63 (1995), STS-86 (1997), STS-102 (2001), STS-113 (2002)",6,1984.0,10.0,Retired,1952,New York,University of Notre Dame,Aerospace Engineering,0,Captain,US Navy,6,"STS-32 (Columbia), STS-52 (Columbia), STS-63 (Discovery), STS-86 (Atlantis), STS-102 (Discovery), STS-113 (Endeavor)",0,0,Northeast,98429,engineering/tech
Janet L. Kavandi,United States,Woman,"STS-91 (1998), STS-99 (2000), STS-104 (2001)",3,1995.0,15.0,Management,1959,Missouri,Missouri Southern State College; University of Missouri; University of Washington,Chemistry,Chemistry,0,Civilian,3,"STS-91 (Discovery), STS-99 (Endeavor), STS-104 (Atlantis)",0,0,Midwest,48727,physical sciences/math
Janice Voss,United States,Woman,"STS-57 (1993), STS-63 (1995), STS-83 (1997), STS-94 (1997), STS-99 (2000)",5,1990.0,13.0,Deceased,1956,Indiana,Purdue University; MIT,Engineering Science,Electrical Engineering; Aeronautics & Astronautics,0,Civilian,5,"STS-57 (Endeavor), STS-63 (Discovery), STS-83 (Columbia), STS-94 (Columbia), STS-99 (Endeavor)",2/6/2012,0,Midwest,70791,engineering/tech
Jeffrey Ashby,United States,Man,"STS-93 (1999), STS-100 (2001), STS-112 (2002)",3,1995.0,15.0,Retired,1954,Texas,University of Idaho; University of Tennessee,Mechanical Engineering,Aviation Systems,Captain,US Navy,3,"STS-93 (Columbia), STS-100 (Endeavor), STS-112 (Atlantis)",0,0,South,39859,engineering/tech
Jeffrey Hoffman,United States,Man,"STS-51-D (1985), STS-35 (1990), STS-46 (1992), STS-61 (1993), STS-75 (1996)",5,1978.0,8.0,Retired,1944,New York,Amherst College; Rice University; Harvard University,Astronomy,Materials Science; Astrophysics,0,Civilian,5,"STS 51-D (Discovery), STS-35 (Columbia), STS-46 (Atlantis), STS-61 (Endeavor), STS-75 (Columbia)",0,0,Northeast,72714,physical sciences/math
Jeffrey Williams,United States,Man,"STS-101 (2000), Soyuz TMA-8 (2006), Soyuz TMA-16 (2009), Soyuz TMA-20M (2016)",4,1996.0,16.0,Active,1958,Wisconsin,US Military Academy; US Naval Postgraduate School; US Naval War College,Applied Science & Engineering,Aeronautical Engineering; National Security & Strategic Studies,Colonel,US Army,4,"STS-101 (Atlantis), ISS-13 (Soyuz), ISS-21/22 (Soyuz), ISS-47/48 (Soyuz)",0,0,Midwest,769127,engineering/tech
Jerry L. Ross,United States,Man,"STS-61-B (1985), STS-27 (1988), STS-37 (1991), STS-55 (1993), STS-74 (1995), STS-88 (1998), STS-110 (2002)",7,1980.0,9.0,Retired,1948,Indiana,Purdue University,Mechanical Engineering,Mechanical Engineering,Colonel,US Air Force,7,"ST 61-B (Atlantis), ST-27 (Atlantis), ST-37 (Atlantis), STS-55 (Columbia), STS-74 (Atlantis), STS-88 (Endeavor), STS-110 (Atlantis)",0,0,Midwest,83573,engineering/tech
Jerry Linenger,United States,Man,"STS-64 (1994), STS-81 (1997)",2,1992.0,14.0,Retired,1955,Michigan,US Naval Academy; University of Southern California; University of North Carolina; Wayne State University,Bioscience,Systems Management; Public Health; Medicine; Epidemiology,Captain,US Navy,2,"STS-64 (Discovery), STS-81/84 (Atlantis)",0,0,Midwest,206090,life/earth sciences
Joan Higginbotham,United States,Woman,STS-116 (2006),1,1996.0,16.0,Retired,1964,Illinois,Southern Illinois University-Carbondale; Florida Institute of Technology,Electrical Engineering,Business Management; Space Systems,0,Civilian,1,STS-116 (Discovery),0,0,Midwest,18524,engineering/tech
Joe H. Engle,United States,Man,"STS-2 (1981), STS-51-I (1985)",2,1966.0,5.0,Retired,1932,Kansas,University of Kansas,Aeronautical Engineering,0,Major General,US Air Force,2,"STS-2 (Columbia), STS 51-I (Discovery)",0,0,Midwest,13470,engineering/tech
John Blaha,United States,Man,"STS-29 (1989), STS-33 (1989), STS-43 (1991), STS-58 (1993), STS-79 (1996)",5,1980.0,9.0,Retired,1942,Texas,US Air Force Academy; Purdue University,Engineering Science,Astronautical Engineering,Colonel,US Air Force,5,"STS-29 (Discovery), STS-33 (Discovery), STS-43 (Atlantis), STS-58 (Columbia), STS-79/81 (Atlantis/Atlantis)",0,0,South,232008,engineering/tech
John Casper,United States,Man,"STS-36 (1990), STS-54 (1993), STS-62 (1994), STS-77 (1996)",4,1984.0,10.0,Management,1943,South Carolina,US Air Force Academy; Purdue University,Engineering Science,Astronautics,Colonel,US Air Force,4,"STS-36 (Atlantis), STS-54 (Endeavor), STS-62 (Columbia), STS-77 (Endeavor)",0,0,South,49553,engineering/tech
John D. Olivas,United States,Man,"STS-117 (2007), STS-128 (2009)",2,1998.0,17.0,Retired,1966,California,University of Texas-El Paso; University of Houston; Rice University,Mechanical Engineering,Mechanical  Engineering; Mechanical  Engineering & Materials Science,0,Civilian,2,"STS-117 (Atlantis), STS-128 (Discovery)",0,0,West,39905,engineering/tech
John Fabian,United States,Man,"STS-7 (1983), STS-51-G (1985)",2,1978.0,8.0,Retired,1939,Texas,Washington State University; US Air Force Institute of Technology; University of Washington,Mechanical Engineering,Aerospace Engineering; Aeronautics & Astronautics,Colonel,US Air Force,2,"STS-7 (Challenger), STS 51-G (Discovery)",0,0,South,18962,engineering/tech
John Grunsfeld,United States,Man,"STS-67 (1995), STS-81 (1997), STS-103 (1999), STS-109 (2002), STS-125 (2009)",5,1992.0,14.0,Management,1958,Illinois,MIT; University of Chicago,Physics,Physics,0,Civilian,5,"STS-67 (Endeavor), STS-81 (Atlantis), STS-103 (Discovery), STS-125 (Atlantis), STS-109 (Columbia)",0,0,Midwest,85865,physical sciences/math
John Herrington,United States,Man,STS-113 (2002),1,1996.0,16.0,Retired,1958,Oklahoma,University of Colorado; US Naval Postgraduate School,Applied Mathematics,Aeronautical Engineering,Commander,US Navy,1,STS-113 (Endeavor),0,0,South,21288,physical sciences/math
John O. Creighton,United States,Man,"STS-51-G (1985), STS-36 (1990), STS-48 (1991)",3,1978.0,8.0,Retired,1943,Texas,US Naval Academy; George Washington University,0,Science & Technology Administration,Captain,US Navy,3,"STS 51-G (Discovery), STS-36 (Atlantis), STS-48 (Discovery)",0,0,South,24264,other/interdisciplinary
John Phillips,United States,Man,"STS-100 (2001), Soyuz TMA-6 (2005), STS-119 (2009)",3,1996.0,16.0,Retired,1951,Virginia,US Naval Academy; University of West Florida; University of California-Los Angeles,Mathematics; Russian,Aeronautical Systems; Geophysics & Space Physics,Captain,Civilian,3,"STS-100 (Endeavor), ISS-11 (Soyuz), STS-119 (Discovery)",0,0,South,293363,physical sciences/math
John Young,United States,Man,"Gemini 3 (1965), Gemini 10 (1966), Apollo 10 (1969), Apollo 16 (1972), STS-1 (1981), STS-9 (1983)",6,1962.0,2.0,Retired,1930,California,Georgia Institute of Technology,Aeronautical Engineering,0,Captain,US Navy,6,"Gemini 3, Gemini 10, Apollo 10, Apollo 16, STS-1 (Columbia), STS-9 (Columbia)",0,0,West,50081,engineering/tech
John-David F. Bartoe,United States,Man,STS-51-F (1985),1,0.0,0.0,Retired,1944,Pennsylvania,Lehigh University; Georgetown University,Physics,Physics,0,Civilian,1,STS 51-F (Challenger),0,0,Northeast,11445,physical sciences/math
Jon McBride,United States,Man,STS-41-G (1984),1,1978.0,8.0,Retired,1943,West Virginia,US Naval Postgraduate School,Aeronautical Engineering,0,Captain,US Navy,1,STS 41-G (Challenger),0,0,South,11843,engineering/tech
Joseph M. Acaba,United States,Man,"STS-119 (2009), Soyuz TMA-04M (2012), Soyuz MS-06 (2017)",3,2004.0,19.0,Active,1967,California,University of California-Santa Barbara; University of Arizona,Geology,Geology,0,Civilian,2,"STS-119 (Discovery), ISS-31/32 (Soyuz)",0,0,West,439235,life/earth sciences
Joseph P. Allen,United States,Man,"STS-5 (1982), STS-51-A (1984)",2,1967.0,6.0,Retired,1937,Indiana,DePauw University; Yale University,Mathematics & Physics,Physics,0,Civilian,2,"ST-5 (Columbia), STS 51-A (Discovery)",0,0,Midwest,18839,physical sciences/math
Joseph Tanner,United States,Man,"STS-66 (1994), STS-82 (1997), STS-97 (2000), STS-115 (2006)",4,1992.0,14.0,Retired,1950,Illinois,University of Illinois,Mechanical Engineering,0,0,Civilian,4,"STS-66 (Atlantis), STS-82 (Discovery), STS-97 (Endeavor), STS-115 (Discovery)",0,0,Midwest,62715,engineering/tech
Judith Resnik,United States,Woman,"STS-41-D (1984), STS-51-L (1986)",2,1978.0,8.0,Deceased,1949,Ohio,Carnegie-Mellon University; University of Maryland,Electrical Engineering,Electrical Engineering,0,Civilian,2,"STS 41-D (Discovery), STS 51-L (Challenger)",1/28/1986,STS 51-L (Challenger),Midwest,8697,engineering/tech
K. Megan McArthur,United States,Woman,"STS-125 (2009), SpaceX Crew-2 (2021)",2,2000.0,18.0,Active,1971,Hawaii,University of California-Los Angeles; University of California-San Diego,Aerospace Engineering,Oceanography,0,Civilian,1,STS-125 (Atlantis),0,0,West,2338846,engineering/tech
Karen Nyberg,United States,Woman,"STS-124 (2008), Soyuz TMA-09M (2013)",2,2000.0,18.0,Active,1969,Minnesota,University of North Dakota; University of Texas,Mechanical Engineering,Mechanical Engineering,0,Civilian,2,"STS-124 (Discovery), ISS-36/37 (Soyuz)",0,0,Midwest,259230,engineering/tech
Karl Henize,United States,Man,STS-51-F (1985),1,1967.0,6.0,Deceased,1926,Ohio,University of Virginia; University of Michigan,Mathematics,Astronomy,0,Civilian,1,STS 51-F (Challenger),10/5/1993,0,Midwest,11445,physical sciences/math
Karol Bobko,United States,Man,"STS-6 (1983), STS-51-D (1985), STS-51-J (1985)",3,1969.0,7.0,Retired,1937,New York,US Air Force Academy; University of Southern California,0,Aerospace Engineering,Colonel,US Air Force,3,"STS-6 (Challenger), STS 51-D (Discovery), STS-51-J (Atlantis)",0,0,Northeast,23163,other/interdisciplinary
Kathleen Rubins,United States,Woman,"Soyuz MS-01 (2016), Soyuz MS-17 (2020)",2,2009.0,20.0,Active,1978,Connecticut,University of California-San Diego; Stanford University,Molecular Biology,Cancer Biology,0,Civilian,1,ISS-48/49 (Soyuz),0,0,Northeast,432091,life/earth sciences
Kathryn Hire,United States,Woman,"STS-90 (1998), STS-130 (2010)",2,1995.0,15.0,Management,1959,Alabama,US Naval Academy; Florida State Institute of Technology,Engineering Management,Space Technology,Captain,Civilian,2,"STS-90 (Columbia), STS-130 (Endeavor)",0,0,South,42718,engineering/tech
Kathryn Sullivan,United States,Woman,"STS-41-G (1984), STS-31 (1990), STS-45 (1992)",3,1978.0,8.0,Retired,1951,New Jersey,University of California-Santa Cruz; Dalhousie University,Earth Sciences,Earth Sciences; Geology,0,Civilian,3,"STS 41-G (Challenger), STS-31 (Discovery), STS-45 (Atlantis)",0,0,Northeast,31969,life/earth sciences
Kathryn Thornton,United States,Woman,"STS-33 (1989), STS-49 (1992), STS-61 (1993), STS-73 (1995)",4,1984.0,10.0,Retired,1952,Alabama,Auburn University; University of Virginia,Physics,Physics,0,Civilian,4,"STS-33 (Discovery), STS-49 (Endeavor), STS-61 (Endeavor), STS-73 (Columbia)",0,0,South,58635,physical sciences/math
Kenneth Bowersox,United States,Man,"STS-50 (1992), STS-61 (1993), STS-73 (1995), STS-82 (1997), STS-113 (2002)",5,1987.0,12.0,Retired,1956,Virginia,US Naval Academy; Columbia University,Aerospace Engineering,Mechanical Engineering,Captain,US Navy,5,"STS-50 (Columbia), STS-61 (Endeavor), STS-73 (Columbia), STS-82 (Discovery), STS-113 (Endeavor/Soyuz)",0,0,South,306132,engineering/tech
Kenneth Cockrell,United States,Man,"STS-56 (1993), STS-69 (1995), STS-80 (1996), STS-98 (2001), STS-111 (2002)",5,1990.0,13.0,Management,1950,Texas,University of Texas; University of West Florida,Mechanical Engineering,Aeronautical Systems,0,Civilian,5,"STS-56 (Discovery), STS-69 (Endeavor), STS-80 (Columbia), STS-98 (Atlantis), STS-111 (Endeavor)",0,0,South,92907,engineering/tech
Kenneth D. Cameron,United States,Man,"STS-37 (1991), STS-56 (1993), STS-74 (1995)",3,1984.0,10.0,Retired,1949,Ohio,MIT; Michigan State University,Aeronautics & Astronautics,Aeronautics & Astronautics; Business Administration,Colonel,US Marine Corps,3,"STS-37 (Atlantis), STS-56 (Discovery), STS-74 (Atlantis)",0,0,Midwest,33731,engineering/tech
Kenneth Ham,United States,Man,"STS-124 (2008), STS-132 (2010)",2,1998.0,17.0,Retired,1964,New Jersey,US Naval Academy; US Naval Postgraduate School,Aerospace Engineering,Aeronautical Engineering,Captain,US Navy,2,"STS-124 (Discovery), STS-132 (Atlantis)",0,0,Northeast,36762,engineering/tech
Kent Rominger,United States,Man,"STS-73 (1995), STS-80 (1996), STS-85 (1997), STS-96 (1999), STS-100 (2001)",5,1992.0,14.0,Retired,1956,Colorado,Colorado State University; US Naval Postgraduate School,Civil Engineering,Aeronautical Engineering,Captain,US Navy,5,"STS-73 (Columbia), STS-80 (Columbia), STS-85 (Discovery), STS-96 (Discovery), STS-100 (Endeavor)",0,0,West,96416,engineering/tech
Kevin A. Ford,United States,Man,"STS-128 (2009), Soyuz TMA-06M (2012)",2,2000.0,18.0,Active,1960,Indiana,University of Notre Dame; Troy State University; University of Florida; Air Force Institute of Technology,Aerospace Engineering,International Relations; Aerospace Engineering; Astronautical Engineering,Colonel,US Air Force,2,"STS-128 (Discovery), ISS-33/34 (Soyuz)",0,0,Midwest,226873,engineering/tech
Kevin Kregel,United States,Man,"STS-70 (1995), STS-78 (1996), STS-87 (1997), STS-99 (2000)",4,1992.0,14.0,Retired,1956,New York,US Air Force Academy; Troy State University,Astronautical Engineering,Public Administration,0,Civilian,4,"STS-70 (Discovery), STS-78 (Columbia), STS-87 (Columbia), STS-99 (Endeavor)",0,0,Northeast,75982,engineering/tech
Kevin P. Chilton,United States,Man,"STS-49 (1992), STS-59 (1994), STS-76 (1996)",3,1987.0,12.0,Retired,1954,California,US Air Force Academy; Columbia University,Engineering Science,Mechanical Engineering,Brigadier General,US Air Force,3,"STS-49 (Endeavor), STS-59 (Endeavor), STS-76 (Atlantis)",0,0,West,42383,engineering/tech
"L. Gordon Cooper, Jr.",United States,Man,"Mercury-Atlas 9 (1963), Gemini 5 (1965)",2,1959.0,1.0,Deceased,1927,Oklahoma,Air Force Institute of Technology,Aeronautical Engineering,0,Colonel,US Air Force,2,"Mercury 9, Gemini 5",10/4/2004,0,South,13515,engineering/tech
"L. Gordon Cooper, Jr.",United States,Man,"Mercury-Atlas 9 (1963), Gemini 5 (1965)",2,1984.0,10.0,Retired,1952,Georgia,US Air Force Academy; Georgia Institute of Technology,Engineering Science,Engineering Science,Colonel,US Air Force,2,"STS-39 (Discovery), STS-64 (Discovery)",0,0,South,13515,engineering/tech
Lee Archambault,United States,Man,"STS-117 (2007), STS-119 (2009)",2,1998.0,17.0,Retired,1960,Illinois,University of Illinois-Urbana,Aeronautical & Astronautical Engineering,Aeronautical & Astronautical Engineering,Colonel,US Air Force,2,"STS-117 (Atlantis), STS-119 (Discovery)",0,0,Midwest,38381,engineering/tech
Lee Morin,United States,Man,STS-110 (2002),1,1996.0,16.0,Management,1952,New Hampshire,University of New Hampshire; University of Alabama-Birmingham; New York University,Mathematical & Electrical Science,Public Health; Biochemistry; Medicine; Microbiology,Captain,US Navy,1,STS-110 (Atlantis),0,0,Northeast,15582,physical sciences/math
Leland D. Melvin,United States,Man,"STS-122 (2008), STS-129 (2009)",2,1998.0,17.0,Management,1964,Virginia,University of Richmond; University of Virginia,Chemistry,Materials Science Engineering,0,Civilian,2,"STS-122 (Atlantis), STS-129 (Atlantis)",0,0,South,33938,physical sciences/math
Leroy Chiao,United States,Man,"STS-65 (1994), STS-72 (1996), STS-92 (2000), Soyuz TMA-5 (2004)",4,1990.0,13.0,Retired,1960,Wisconsin,University of California-Berkeley; University of California-Santa Barbara,Chemical Engineering,Chemical Engineering,0,Civilian,4,"STS-65 (Columbia), STS-72 (Endeavor), STS-92 (Discovery), ISS-10 (Soyuz)",0,0,Midwest,330280,engineering/tech
Linda Godwin,United States,Woman,"STS-37 (1991), STS-59 (1994), STS-76 (1996), STS-108 (2001)",4,1985.0,11.0,Retired,1952,Missouri,Southeast Missouri State; University of Missouri,Mathematics & Physics,Physics,0,Civilian,4,"STS-37 (Atlantis), STS-59 (Endeavor), STS-76 (Atlantis), STS-108 (Endeavor)",0,0,Midwest,55095,physical sciences/math
Loren Acton,United States,Man,STS-51-F (1985),1,0.0,0.0,Retired,1936,Montana,Montana State University; University of Colorado,Engineering Physics,Solar Physics,0,Civilian,1,STS 51-F (Challenger),0,0,West,11445,engineering/tech
Loren Shriver,United States,Man,"STS-51-C (1985), STS-31 (1990), STS-46 (1992)",3,1978.0,8.0,Retired,1944,Iowa,US Air Force Academy; Purdue University,Aeronautical Engineering,Astronautical Engineering,Colonel,US Air Force,3,"STS 51-C (Discovery), STS-31 (Discovery), STS-46 (Atlantis)",0,0,Midwest,23164,engineering/tech
"Mario Runco, Jr.",United States,Man,"STS-44 (1991), STS-54 (1993), STS-77 (1996)",3,1987.0,12.0,Management,1952,New York,City College of New York; Rutgers University,Earth & Planetary Science,Atmospheric Physics,Lieutenant Commander,US Navy,3,"STS-44 (Atlantis), STS-54 (Endeavor), STS-77 (Endeavor)",04/23/01,0,Northeast,33067,life/earth sciences
Mark Brown,United States,Man,"STS-28 (1989), STS-48 (1991)",2,1984.0,10.0,Retired,1951,Indiana,Purdue University; Air Force Institute of Technology,Aeronautical & Astronautical Engineering,Astronautical Engineering,Colonel,US Air Force,2,"STS 28 (Columbia), STS-48 (Discovery)",0,0,Midwest,14967,engineering/tech
Mark C. Lee,United States,Man,"STS-30 (1989), STS-47 (1992), STS-64 (1994), STS-82 (1997)",4,1984.0,10.0,Retired,1952,Wisconsin,US Air Force Academy; MIT,Civil Engineering,Mechanical Engineering,Colonel,US Air Force,4,"STS-30 (Atlantis), STS-47 (Endeavor), STS-64 (Discovery), STS-82 (Discovery)",0,0,Midwest,47393,engineering/tech
Mark Kelly,United States,Man,"STS-108 (2001), STS-121 (2006), STS-124 (2008), STS-134 (2011)",4,1996.0,16.0,Retired,1964,New Jersey,US Merchant Marine Academy; US Naval Postgraduate School,Marine Engineering & Nautical Science,Aeronautical Engineering,Captain,US Navy,4,"STS-108 (Endeavor), STS-121 (Discovery), STS-124 (Discovery), STS-134 (Endeavor)",0,0,Northeast,77885,engineering/tech
Mark Polansky,United States,Man,"STS-98 (2001), STS-116 (2006), STS-127 (2009)",3,1996.0,16.0,Retired,1956,New Jersey,Purdue University,Aeronautical & Astronautical Engineering,Aeronautical & Astronautical Engineering,0,Civilian,3,"STS-98 (Atlantis), ST-116 (Discovery), STS-127 (Endeavor)",0,0,Northeast,59689,engineering/tech
Mark Vande Hei,United States,Man,"Soyuz MS-06 (2017), Soyuz MS-18 (2021)",2,2009.0,20.0,Active,1966,Virginia,Saint John’s University; Stanford University,Physics,Applied Physics,Colonel,US Army,0,0,0,0,South,2581349,physical sciences/math
Marsha Ivins,United States,Woman,"STS-32 (1990), STS-46 (1992), STS-62 (1994), STS-81 (1997), STS-98 (2001)",5,1984.0,10.0,Retired,1951,Maryland,University of Colorado,Aerospace Engineering,0,0,Civilian,5,"STS-32 (Columbia), STS-46 (Atlantis), STS-62 (Columbia), STS-81 (Atlantis), STS-98 (Atlantis)",0,0,South,80509,engineering/tech
Martin J. Fettman,United States,Man,STS-58 (1993),1,0.0,0.0,Retired,1956,New York,Cornell University; Colorado State University,Animal Nutrition,Physiology,0,Civilian,1,STS-58 (Columbia),0,0,Northeast,20172,life/earth sciences
Mary Ellen Weber,United States,Woman,"STS-70 (1995), STS-101 (2000)",2,1992.0,14.0,Retired,1962,Ohio,Purdue University; University of California-Berkeley,Chemical Engineering,Physical Chemistry,0,Civilian,2,"STS-70 (Discovery), STS-101 (Atlantis)",0,0,Midwest,27029,engineering/tech
Mary L. Cleave,United States,Woman,"STS-61-B (1985), STS-30 (1989)",2,1980.0,9.0,Retired,1947,New York,Colorado State University; Utah State University,Biological Science,Microbial Ecology; Environmental Engineering,0,Civilian,2,"STS 61-B (Atlantis), STS-30 (Atlantis)",0,0,Northeast,15721,other/interdisciplinary
Michael Baker,United States,Man,"STS-43 (1991), STS-52 (1992), STS-68 (1994), STS-81 (1997)",4,1985.0,11.0,Management,1953,Tennessee,University of Texas,Aerospace Engineering,0,Captain,US Navy,4,"STS-43 (Atlantis), STS-52 (Columbia), STS-68 (Endeavor), STS-81 (Atlantis)",0,0,South,57784,engineering/tech
Michael Coats,United States,Man,"STS-41-D (1984), STS-29 (1989), STS-39 (1991)",3,1978.0,8.0,Retired,1946,California,US Naval Academy; George Washington University; US Naval Postgraduate School,0,Science & Technology Administration; Aeronautical Engineering,Captain,US Navy,3,"STS 41-D (Discovery), STS-29 (Discovery), STS-39 (Discovery)",0,0,West,27837,other/interdisciplinary
Michael Foreman,United States,Man,"STS-123 (2008), STS-129 (2009)",2,1998.0,17.0,Management,1957,Ohio,US Naval Academy; US Naval Postgraduate School,Aerospace Engineering,Aeronautical Engineering,Captain,US Navy,2,"STS-123 (Endeavor), STS-129 (Atlantis)",0,0,Midwest,38248,engineering/tech
Michael Fossum,United States,Man,"STS-121 (2006), STS-124 (2008), Soyuz TMA-02M (2011)",3,1998.0,17.0,Active,1957,South Dakota,Texas A&M University; Air Force Institute of Technology; University of Houston-Clear Lake,Mechanical Engineering,Systems Engineering; Physical Science (Space Science),0,US Air Force,3,"STS-121 (Discovery), STS-124 (Discovery), ISS-28/29 (Soyuz)",0,0,Midwest,279063,engineering/tech
Michael Gernhardt,United States,Man,"STS-69 (1995), STS-83 (1997), STS-94 (1997), STS-104 (2001)",4,1992.0,14.0,Management,1956,Ohio,Vanderbilt University; University of Pennsylvania,Physics,Bioengineering,0,Civilian,4,"STS-69 (Endeavor), STS-83 (Columbia), STS-94 (Columbia), STS-104 (Atlantis)",0,0,Midwest,62341,physical sciences/math
Michael J. Bloomfield,United States,Man,"STS-86 (1997), STS-97 (2000), STS-110 (2002)",3,1995.0,15.0,Retired,1959,Michigan,US Air Force Academy; Old Dominion University,Engineering Mechanics,Engineering Management,Colonel,US Air Force,3,"STS-86 (Atlantis), STS-97 (Endeavor), STS-110 (Atlantis)",0,0,Midwest,48181,engineering/tech
Michael J. McCulley,United States,Man,STS-34 (1989),1,1984.0,10.0,Retired,1943,California,Purdue University,Metallurgical Engineering,Metallurgical Engineering,Captain,US Navy,1,STS-34 (Atlantis),0,0,West,7179,engineering/tech
Michael J. Smith,United States,Man,STS-51-L (1986),1,1980.0,9.0,Deceased,1945,North Carolina,US Naval Academy; US Naval Postgraduate School,Naval Sciences,Aeronautical Engineering,Captain,US Navy,1,STS 51-L (Challenger),1/28/1986,STS 51-L (Challenger),South,1,business/social sciences
Michael Massimino,United States,Man,"STS-109 (2002), STS-125 (2009)",2,1996.0,16.0,Management,1962,New York,Columbia University; MIT,Industrial Engineering,Technology & Policy; Mechanical Engineering,0,Civilian,2,"STS-109 (Columbia), STS-125 (Atlantis)",0,0,Northeast,34308,engineering/tech
Michael P. Anderson,United States,Man,"STS-89 (1998), STS-107 (2003)",2,1995.0,15.0,Deceased,1959,New York,University of Washington; Creighton University,Physics & Astronomy,Physics,Lieutenant Colonel,US Air Force,2,"STS-89 (Endeavor), STS-107 (Columbia)",2/1/2003,STS-107 (Columbia),Northeast,35648,physical sciences/math
Michael R. Clifford,United States,Man,"STS-53 (1992), STS-59 (1994), STS-76 (1996)",3,1990.0,13.0,Retired,1952,California,US Military Academy; Georgia Institute of Technology,0,Aerospace Engineering,Lieutenant Colonel,US Army,3,"STS-53 (Discovery), STS-59 (Endeavor), STS-76 (Atlantis)",0,0,West,39985,other/interdisciplinary
Michael S. Hopkins,United States,Man,"Soyuz TMA-10M (2013), SpaceX Crew-1 (2020)",2,2009.0,20.0,Active,1968,Missouri,University of Illinois; Stanford University,Aerospace Engineering,Aerospace Engineering,Colonel,US Air Force,1,ISS-37/38 (Soyuz),0,0,Midwest,480294,engineering/tech
Michael T. Good,United States,Man,"STS-125 (2009), STS-132 (2010)",2,2000.0,18.0,Management,1962,Ohio,University of Notre Dame,Aerospace Engineering,Aerospace Engineering,Colonel,US Air Force,2,"STS-125 (Atlantis), STS-132 (Atlantis)",0,0,Midwest,35526,engineering/tech
Millie Hughes-Fulford,United States,Woman,STS-40 (1991),1,0.0,0.0,Retired,1945,Texas,Tarleton State University; Texas Woman’s University,Chemistry & Biology,0,0,Civilian,1,STS-40 (Columbia),0,0,South,13094,physical sciences/math
Nancy J. Currie,United States,Woman,"STS-57 (1993), STS-70 (1995), STS-88 (1998), STS-109 (2002)",4,1990.0,13.0,Management,1958,Delaware,Ohio State University; University of Southern California; University of Houston,Biological Science,Safety Engineering; Industrial Engineering,Colonel,US Army,4,"STS-57 (Endeavor), STS-70 (Discovery), STS-88 (Endeavor), STS-109 (Columbia)",0,0,South,59973,other/interdisciplinary
Neil Armstrong,United States,Man,"Gemini 8 (1966), Apollo 11 (1969)",2,1962.0,2.0,Deceased,1930,Ohio,Purdue University; University of Southern California,Aeronautical Engineering,Aerospace Engineering,0,Civilian,2,"Gemini 8, Apollo 11",8/25/2012,0,Midwest,12360,engineering/tech
Nicole Marie Passonno Stott,United States,Woman,"STS-128 (2009), STS-133 (2011)",2,2000.0,18.0,Active,1962,New York,Embry-Riddle Aeronautical University; University of Central Florida,Aeronautical Engineering,Engineering Management,0,Civilian,2,"STS-128/129 (Discovery/Atlantis), STS-133 (Discovery)",0,0,Northeast,38398,engineering/tech
Owen Garriott,United States,Man,"Skylab 3 (1973), STS-9 (1983)",2,1965.0,4.0,Retired,1930,Oklahoma,University of Oklahoma; Stanford University,Electrical Engineering,Electrical Engineering,0,Civilian,2,"Skylab 3, STS-9 (Columbia)",0,0,South,100436,engineering/tech
Pamela Melroy,United States,Woman,"STS-92 (2000), STS-112 (2002), STS-120 (2007)",3,1995.0,15.0,Retired,1961,California,Wellesley College; MIT,Physics & Astronomy,Earth & Planetary Sciences,Colonel,US Air Force,3,"STS-92 (Discovery), STS-112 (Atlantis), STS-120 (Discovery)",0,0,West,55924,physical sciences/math
Patrick Forrester,United States,Man,"STS-105 (2001), STS-117 (2007), STS-128 (2009)",3,1996.0,16.0,Management,1957,Texas,US Military Academy; University of Virginia,Applied Science & Engineering,Mechanical & Aerospace Engineering,Colonel,US Army,3,"STS-105 (Discovery), STS-117 (Atlantis), STS-128 (Discovery)",0,0,South,57018,engineering/tech
Paul Lockhart,United States,Man,"STS-111 (2002), STS-113 (2002)",2,1996.0,16.0,Retired,1956,Texas,Texas Tech University; University of Texas,Mathematics,Aerospace Engineering,Colonel,US Air Force,2,"STS-111 (Endeavor), STS-113 (Endeavor)",0,0,South,41244,physical sciences/math
Paul W. Richards,United States,Man,STS-102 (2001),1,1996.0,16.0,Management,1964,Pennsylvania,Drexel University; University of Maryland,Mechanical Engineering,Mechanical Engineering,0,Civilian,1,STS-102 (Discovery),0,0,Northeast,18471,engineering/tech
Paul Weitz,United States,Man,"Skylab 2 (1973), STS-6 (1983)",2,1966.0,5.0,Retired,1932,Pennsylvania,Pennsylvania State University; US Naval Postgraduate School,Aeronautical Engineering,Aeronautical Engineering,Captain,US Navy,2,"Skylab 2, STS-6 (Challenger)",0,0,Northeast,47593,engineering/tech
Peggy Whitson,United States,Woman,"STS-111 (2002), Soyuz TMA-11 (2007), Soyuz MS-03 (2016)",3,1996.0,16.0,Active,1960,Iowa,Iowa Wesleyan College; Rice University,Chemistry & Biology,Biochemistry,0,Civilian,3,"STS-111/113 (Endeavor), ISS-16 (Soyuz), ISS-50/51 (Soyuz)",0,0,Midwest,958947,physical sciences/math
Peter Wisoff,United States,Man,"STS-57 (1993), STS-68 (1994), STS-81 (1997), STS-92 (2000)",4,1990.0,13.0,Retired,1958,Virginia,University of Virginia; Stanford University,Physics,Applied Physics,0,Civilian,4,"STS-57 (Endeavor), STS-68 (Endeavor), STS-81 (Atlantis), STS-92 (Discovery)",0,0,South,63850,physical sciences/math
Pierre Thuot,United States,Man,"STS-36 (1990), STS-49 (1992), STS-62 (1994)",3,1985.0,11.0,Retired,1955,Connecticut,US Naval Academy; University of Southern California,Physics,Systems Management,Commander,US Navy,3,"STS-36 (Atlantis), STS-49 (Endeavor), STS-62 (Columbia)",0,0,Northeast,39413,physical sciences/math
Randolph Bresnik,United States,Man,"STS-129 (2009), Soyuz MS-05 (2017)",2,2004.0,19.0,Active,1967,Kentucky,The Citadel; University of Tennessee-Knoxville,Mathematics,Aviation Systems,Colonel,US Marine Corps,1,STS-129 (Atlantis),0,0,South,215293,physical sciences/math
Rex Walheim,United States,Man,"STS-110 (2002), STS-122 (2008), STS-135 (2011)",3,1996.0,16.0,Active,1962,California,University of California-Berkeley; University of Houston,Mechanical Engineering,Industrial Engineering,Colonel,US Air Force,3,"STS-110 (Atlantis), STS-122 (Atlantis), STS-135 (Atlantis)",0,0,West,52352,engineering/tech
Richard Hieb,United States,Man,"STS-39 (1991), STS-49 (1992), STS-65 (1994)",3,1985.0,11.0,Retired,1955,North Dakota,Northwest Nazarene College; University of Colorado,Mathematics & Physics,Aerospace Engineering,0,Civilian,3,"STS-39 (Discovery), STS-49 (Endeavor), STS-65 (Columbia)",0,0,Midwest,46115,physical sciences/math
Richard Linnehan,United States,Man,"STS-78 (1996), STS-90 (1998), STS-109 (2002), STS-123 (2008)",4,1992.0,14.0,Management,1957,Massachusetts,University of New Hampshire; Ohio State University; Harvard University,Animal Science,Veterinary Medicine; Public Administration,0,Civilian,4,"STS-78 (Columbia), STS-90 (Columbia), STS-109 (Columbia), STS-123 (Endeavor)",0,0,Northeast,85682,life/earth sciences
Richard Mastracchio,United States,Man,"STS-106 (2000), STS-118 (2007), STS-131 (2010), Soyuz TMA-11M (2013)",4,1996.0,16.0,Active,1960,Connecticut,University of Connecticut; Rensselaer Polytechnic Institute; University of Houston-Clear Lake,Electrical Engineering; Computer Science,Electrical Engineering; Physical Sciences,0,Civilian,4,"STS-106 (Atlantis), STS-118 (Endeavor), STS-131 (Discovery), ISS-38/39 (Soyuz)",0,0,Northeast,326257,engineering/tech
Richard Mullane,United States,Man,"STS-41-D (1984), STS-27 (1988), STS-36 (1990)",3,1978.0,8.0,Retired,1945,Texas,US Military Academy; US Air Force Institute of Technology,Military Engineering,Aeronautical Engineering,Colonel,US Air Force,3,"STS 41-D (Discovery), STS-27 (Atlantis), STS-36 (Atlantis)",0,0,South,21380,engineering/tech
Richard N. Richards,United States,Man,"STS-28 (1989), STS-41 (1990), STS-50 (1992), STS-64 (1994)",4,1980.0,9.0,Retired,1946,Florida,University of Missouri; University of West Florida,Chemical Engineering,Aeronautical Systems,Captain,US Navy,4,"STS-28 (Columbia), STS-41 (Discovery), STS-50 (Columbia), STS-64 (Discovery)",0,0,South,48810,engineering/tech
Richard O. Covey,United States,Man,"STS-51-I (1985), STS-26 (1988), STS-38 (1990), STS-61 (1993)",4,1978.0,8.0,Retired,1946,Arkansas,US Air Force Academy; Purdue University,Engineering Science,Aeronautics & Astronautics,Colonel,US Air Force,4,"STS 51-l (Discovery), STS-26 (Discovery), STS-38 (Atlantis), STS-61 (Endeavor)",0,0,South,38710,engineering/tech
Richard Searfoss,United States,Man,"STS-58 (1993), STS-76 (1996), STS-90 (1998)",3,1990.0,13.0,Retired,1956,Michigan,US Air Force Academy; California Institute of Technology,Aeronautical Engineering,Aeronautics,Colonel,US Air Force,3,"STS-58 (Columbia), STS-76 (Atlantis), STS-90 (Columbia)",0,0,Midwest,56358,engineering/tech
Richard Truly,United States,Man,"STS-2 (1981), STS-8 (1983)",2,1969.0,7.0,Retired,1937,Mississippi,Georgia Institute of Technology,Aeronautical Engineering,0,Vice Admiral,US Navy,2,"STS-2 (Columbia), STS-8 (Challenger)",0,0,South,11961,engineering/tech
Rick Husband,United States,Man,"STS-96 (1999), STS-107 (2003)",2,1995.0,15.0,Deceased,1957,Texas,Texas Tech University; California State University,Mechanical Engineering,Mechanical Engineering,Colonel,US Air Force,2,"STS-96 (Discovery), STS-107 (Columbia)",2/1/2003,STS-107 (Columbia),South,36813,engineering/tech
Robert Crippen,United States,Man,"STS-1 (1981), STS-7 (1983), STS-41-C (1984), STS-41-G (1984)",4,1969.0,7.0,Retired,1937,Texas,University of Texas,Aerospace Engineering,0,Captain,US Navy,4,"STS-1 (Columbia), STS-7 (Challenger), STS 41-C (Challenger), STS 41-G (Challenger)",0,0,South,33948,engineering/tech
Robert D. Cabana,United States,Man,"STS-41 (1990), STS-53 (1992), STS-65 (1994), STS-88 (1998)",4,1985.0,11.0,Management,1949,Minnesota,US Naval Academy,Mathematics,0,Colonel,US Marine Corps,4,"STS-41 (Discovery), STS-53 (Discovery), STS-65 (Columbia), STS-88 (Endeavor)",0,0,Midwest,54641,physical sciences/math
Robert J. Cenker,United States,Man,STS-61-C (1986),1,0.0,0.0,Retired,1948,Pennsylvania,Pennsylvania State University; Rutgers University,Aerospace Engineering,Aerospace Engineering; Electrical Engineering,0,Civilian,1,STS 61-C (Columbia),0,0,Northeast,8763,engineering/tech
Robert L. Behnken,United States,Man,"STS-123 (2008), STS-130 (2010), Crew Dragon Demo-2 (2020)",3,2000.0,18.0,Active,1970,Missouri,Washington University; California Institute of Technology,Physics & Mechanical Engineering,Mechanical Engineering,Colonel,US Air Force,2,"STS-123 (Endeavor), STS-130 (Endeavor)",0,0,Midwest,134625,engineering/tech
Robert L. Gibson,United States,Man,"STS-41-B (1984), STS-61-C (1986), STS-27 (1988), STS-47 (1992), STS-71 (1995)",5,1978.0,8.0,Retired,1946,New York,California Polytechnic Institute,Aeronautical Engineering,0,Captain,US Navy,5,"STS 41-B (Challenger), STS 61-C (Columbia), STS-27 (Atlantis), STS-47 (Endeavor), STS-71 (Atlantis)",0,0,Northeast,52098,engineering/tech
Robert Overmyer,United States,Man,"STS-5 (1982), STS-51-B (1985)",2,1969.0,7.0,Deceased,1936,Ohio,Baldwin Wallace College; US Naval Postgraduate School,Physics,Aeronautics,Colonel,US Marine Corps,2,"STS-5 (Columbia), STS 51-B (Challenger)",3/22/1996,0,Midwest,17423,physical sciences/math
Robert Parker,United States,Man,"STS-9 (1983), STS-35 (1990)",2,1967.0,6.0,Retired,1936,New York,Amherst College; California Institute of Technology,Physics & Astronomy,Astronomy,0,Civilian,2,"STS-9 (Columbia), STS-35 (Columbia)",0,0,Northeast,27712,physical sciences/math
Robert S. Kimbrough,United States,Man,"STS-126 (2008), Soyuz MS-02 (2016), SpaceX Crew-2 (2021)",3,2004.0,19.0,Active,1967,Texas,US Military Academy; Georgia Institute of Technology,Aerospace Engineering,Operations Research,Colonel,US Army,3,"STS-126 (Endeavor), ISS-49/50 (Soyuz)",0,0,South,2592414,engineering/tech
Robert Springer,United States,Man,"STS-29 (1989), STS-38 (1990)",2,1980.0,9.0,Retired,1942,Missouri,US Naval Academy; US Naval Postgraduate School,Naval Sciences,Operations Research,Colonel,US Marine Corps,2,"STS-29 (Discovery), STS-38 (Atlantis)",0,0,Midwest,14253,business/social sciences
Roger K. Crouch,United States,Man,"STS-83 (1997), STS-94 (1997)",2,0.0,0.0,Retired,1940,Tennessee,Tennessee Polytechnic Institute; Virginia Polytechnic Institute,Physics,Physics,0,Civilian,1,"STS-83 (Columbia), STS-94 (Columbia)",0,0,South,28317,physical sciences/math
Ronald A. Parise,United States,Man,"STS-35 (1990), STS-67 (1995)",2,0.0,0.0,Deceased,1951,Ohio,Youngstown State University; University of Florida,Physics,Astronomy,0,Civilian,2,"STS-35 (Columbia), STS-67 (Endeavor)",5/9/2008,0,Midwest,36853,physical sciences/math
Ronald Grabe,United States,Man,"STS-51-J (1985), STS-30 (1989), STS-42 (1992), STS-57 (1993)",4,1980.0,9.0,Retired,1945,New York,US Air Force Academy,Engineering Science,0,Colonel,US Air Force,4,"STS 51-J (Atlantis), STS-30 (Atlantis), STS-42 (Discovery), STS-57 (Endeavor)",0,0,Northeast,37660,engineering/tech
Ronald McNair,United States,Man,STS-41-B (1984),1,1978.0,8.0,Deceased,1950,South Carolina,North Carolina A&T State College; MIT,Physics,Physics,0,Civilian,2,"STS 41-B (Challenger), STS 51-L (Challenger)",1/28/1986,STS 51-L (Challenger),South,11475,physical sciences/math
Ronald Sega,United States,Man,"STS-60 (1994), STS-76 (1996)",2,1990.0,13.0,Retired,1952,Ohio,US Air Force Academy; Ohio State University; University of Colorado,Physics & Mathematics,Physics; Electrical Engineering,Colonel,US Air Force,2,"STS-60 (Discovery), STS-76 (Atlantis)",0,0,Midwest,25225,physical sciences/math
S. Christa McAuliffe,United States,Woman,STS-51-L (1986),1,0.0,0.0,Deceased,1948,Massachusetts,Framingham State College; Bowie State College,Education,Education,0,Civilian,1,STS 51-L (Challenger),1/28/1986,STS 51-L (Challenger),Northeast,1,other/interdisciplinary
Sally Ride,United States,Woman,"STS-7 (1983), STS-41-G (1984)",2,1978.0,8.0,Deceased,1951,California,Stanford University,Physics; English,Physics,0,Civilian,2,"STS-7 (Challenger), STS 41-G (Challenger)",7/23/2012,0,West,20627,physical sciences/math
Samuel T. Durrance,United States,Man,"STS-35 (1990), STS-67 (1995)",2,0.0,0.0,Retired,1943,Florida,California State University; University of Colorado,Physics,Physics; Astrogeophysics,0,Civilian,2,"STS-35 (Columbia), STS-67 (Endeavor)",0,0,South,36853,physical sciences/math
Sandra Magnus,United States,Woman,"STS-112 (2002), STS-126 (2008), STS-135 (2011)",3,1996.0,16.0,Retired,1964,Illinois,University of Missouri-Rolla; Georgia Institute of Technology,Physics,Electrical Engineering; Materials Science & Engineering,0,Civilian,3,"STS-112 (Atlantis), STS-126/119 (Endeavor/Discovery), STS-135 (Atlantis)",0,0,Midwest,226604,physical sciences/math
Scott Altman,United States,Man,"STS-90 (1998), STS-106 (2000), STS-109 (2002), STS-125 (2009)",4,1995.0,15.0,Retired,1959,Illinois,University of Illinois; US Naval Postgraduate School,Aeronautical & Astronautical Engineering,Aeronautical Engineering,Captain,US Navy,4,"STS-90 (Columbia), STS-106 (Atlantis), STS-109 (Columbia), STS-125 (Atlantis)",0,0,Midwest,72768,engineering/tech
Scott D. Tingle,United States,Man,Soyuz MS-07 (2017),1,2009.0,20.0,Active,1965,Massachusetts,Southeastern Massachusetts University; Purdue University,Mechanical Engineering,Mechanical Engineering,Commander,US Navy,0,0,0,0,Northeast,242238,engineering/tech
Scott Horowitz,United States,Man,"STS-75 (1996), STS-82 (1997), STS-101 (2000), STS-105 (2001)",4,1992.0,14.0,Retired,1957,Pennsylvania,California State University-Northridge; Georgia Institute of Technology,Engineering,Aerospace Engineering,Colonel,US Air Force,4,"STS-75 (Columbia), STS-82 (Discovery), STS-101 (Atlantis), STS-105 (Discovery)",0,0,Northeast,68318,engineering/tech
Scott Kelly,United States,Man,"STS-103 (1999), STS-118 (2007), Soyuz TMA-01M (2010), Soyuz TMA-16M (2015)",4,1996.0,16.0,Active,1964,New Jersey,State University of New York Maritime College; University of Tennessee-Knoxville,Electrical Engineering,Aviation Systems,Captain,US Navy,4,"STS-103 (Discovery), STS-118 (Endeavor), ISS-25/26 (Soyuz), ISS-43/44/45/46 (Soyuz)",0,0,Northeast,750873,engineering/tech
Shannon Walker,United States,Woman,"Soyuz TMA-19 (2010), SpaceX Crew-1 (2020)",2,2004.0,19.0,Active,1965,Texas,Rice University,Space Physics,Space Physics,0,Civilian,1,ISS-24/25 (Soyuz),0,0,South,476020,physical sciences/math
Sherwood Spring,United States,Man,STS-61-B (1985),1,1980.0,9.0,Retired,1944,Connecticut,US Military Academy; University of Arizona,Engineering,Aerospace Engineering,Colonel,US Army,1,STS 61-B (Atlantis),0,0,Northeast,9904,engineering/tech
Sidney Gutierrez,United States,Man,"STS-40 (1991), STS-59 (1994)",2,1984.0,10.0,Retired,1951,New Mexico,US Air Force Academy; Webster College,Aeronautical Engineering,Business Management,Colonel,US Air Force,2,"STS-40 (Columbia), STS-59 (Endeavor)",0,0,West,29284,engineering/tech
Stanley G. Love,United States,Man,STS-122 (2008),1,1998.0,17.0,Management,1965,California,Harvey Mudd College; University of Washington,Physics,Astronomy,0,Civilian,1,STS-122 (Atlantis),0,0,West,18382,physical sciences/math
Stephanie Wilson,United States,Woman,"STS-121 (2006), STS-120 (2007), STS-131 (2010)",3,1996.0,16.0,Active,1966,Massachusetts,Harvard University; University of Texas,Engineering Science,Aerospace Engineering,0,Civilian,3,"STS-121 (Discovery), STS-120 (Discovery), STS-131 (Discovery)",0,0,Northeast,61907,engineering/tech
Stephen Frick,United States,Man,"STS-110 (2002), STS-122 (2008)",2,1996.0,16.0,Management,1961,Pennsylvania,US Naval Academy; US Naval Postgraduate School,Aerospace Engineering,Aeronautical Engineering,Captain,US Navy,2,"STS-110 (Atlantis), STS-122 (Atlantis)",0,0,Northeast,33964,engineering/tech
Stephen G. Bowen,United States,Man,"STS-126 (2008), STS-132 (2010), STS-133 (2011)",3,2000.0,18.0,Active,1964,Massachusetts,US Naval Academy; MIT,Electrical Engineering,Ocean Engineering,Captain,US Navy,3,"STS-126 (Endeavor), STS-132 (Atlantis), STS-133 (Discovery)",0,0,Northeast,58204,engineering/tech
Stephen Oswald,United States,Man,"STS-42 (1992), STS-56 (1993), STS-67 (1995)",3,1985.0,11.0,Retired,1951,Washington,US Naval Academy,Aerospace Engineering,0,0,Civilian,3,"STS-42 (Discovery), STS-56 (Discovery), STS-67 (Endeavor)",0,0,West,48871,engineering/tech
Stephen Robinson,United States,Man,"STS-85 (1997), STS-95 (1998), STS-114 (2005), STS-130 (2010)",4,1995.0,15.0,Retired,1955,California,University of California-Davis; Stanford University,Mechanical & Aeronautical Engineering,Mechanical  Engineering,0,Civilian,4,"STS-85 (Discovery), STS-95 (Discovery), STS-114 (Discovery), STS-130 (Endeavor)",0,0,West,69711,engineering/tech
Steven Hawley,United States,Man,"STS-41-D (1984), STS-61-C (1986), STS-31 (1990), STS-82 (1997), STS-93 (1999)",5,1978.0,8.0,Retired,1951,Kansas,University of Kansas; University of California,Physics & Astronomy,Astronomy & Astrophysics,0,Civilian,5,"STS 41-D (Discovery), STS 61-C (Columbia), STS-31 (Discovery), STS-82 (Discovery), STS-93 (Columbia)",0,0,Midwest,46242,physical sciences/math
Steven Lindsey,United States,Man,"STS-87 (1997), STS-95 (1998), STS-104 (2001), STS-121 (2006), STS-133 (2011)",5,1995.0,15.0,Retired,1960,California,US Air Force Academy; US Air Force Institute of Technology,Engineering Science,Aeronautical Engineering,Colonel,US Air Force,5,"STS-87 (Columbia), STS-95 (Discovery), STS-104 (Atlantis), STS-121 (Discovery), STS-133 (Discovery)",0,0,West,90634,engineering/tech
Steven R. Nagel,United States,Man,"STS-51-G (1985), STS-61-A (1985), STS-37 (1991), STS-55 (1993)",4,1978.0,8.0,Retired,1946,Illinois,University of Illinois; California State University-Fresno,Aerospace Engineering,Mechanical  Engineering,Colonel,US Air Force,4,"STS 51-G (Discovery), STS 61-A (Challenger), STS-37 (Atlantis), STS-55 (Columbia)",0,0,Midwest,43296,engineering/tech
Steven Smith,United States,Man,"STS-68 (1994), STS-82 (1997), STS-103 (1999), STS-110 (2002)",4,1992.0,14.0,Management,1958,Arizona,Stanford University,Electrical Engineering,Electrical Engineering,0,Civilian,4,"STS-68 (Endeavor), STS-82 (Discovery), STS-103 (Discovery), STS-110 (Atlantis)",0,0,West,59057,engineering/tech
Steven Swanson,United States,Man,"STS-117 (2007), STS-119 (2009), Soyuz TMA-12M (2014)",3,1998.0,17.0,Active,1960,New York,University of Colorado; Florida Atlantic University; Texas A&M University,Engineering Physics,Computer Systems; Computer Science,0,Civilian,3,"STS-117 (Atlantis), STS-119 (Discovery), ISS-39/40 (Soyuz)",0,0,Northeast,282047,engineering/tech
Stuart Roosa,United States,Man,Apollo 14 (1971),1,1966.0,5.0,Deceased,1933,Colorado,University of Colorado,Aeronautical Engineering,0,Colonel,US Air Force,1,Apollo 14,12/12/1994,0,West,12961,engineering/tech
"Sunita ""Suni"" Williams",United States,Woman,"STS-116 (2006), Soyuz TMA-05M (2012)",2,1998.0,17.0,Active,1965,Ohio,US Naval Academy; Florida Institute of Technology,Physical Science,Engineering Management,Captain,US Navy,2,"STS-116/117 (Discovery/Atlantis), ISS-32/33 (Soyuz)",0,0,Midwest,463275,other/interdisciplinary
Susan Helms,United States,Woman,"STS-54 (1993), STS-64 (1994), STS-78 (1996), STS-101 (2000), STS-102 (2001)",5,1990.0,13.0,Retired,1958,North Carolina,US Air Force Academy; Stanford University,Aeronautical Engineering,Aeronautics & Astronautics,Lieutenant General,US Air Force,5,"STS-54 (Endeavor), STS-64 (Discovery), STS-78 (Columbia), STS-101 (Atlantis), STS-102/105 (Discovery)",0,0,South,303787,engineering/tech
Tamara E. Jernigan,United States,Woman,"STS-40 (1991), STS-52 (1992), STS-67 (1995), STS-80 (1996), STS-96 (1999)",5,1985.0,11.0,Retired,1959,Tennessee,Stanford University; University of California-Berkeley; Rice University,Physics,Engineering Science; Astronomy,0,Civilian,5,"STS-40 (Columbia), STS-52 (Columbia), STS-67 (Endeavor), STS-80 (Columbia), STS-98 (Discovery)",0,0,South,90449,physical sciences/math
Terence Henricks,United States,Man,"STS-44 (1991), STS-55 (1993), STS-70 (1995), STS-78 (1996)",4,1985.0,11.0,Retired,1952,Ohio,US Air Force Academy; Golden Gate University,Civil Engineering,Public Administration,Colonel,US Air Force,4,"STS-44 (Atlantis), STS-55 (Columbia), STS-70 (Discovery), STS-78 (Columbia)",0,0,Midwest,61598,engineering/tech
Terrence Wilcutt,United States,Man,"STS-68 (1994), STS-79 (1996), STS-89 (1998), STS-106 (2000)",4,1990.0,13.0,Management,1949,Kentucky,Western Kentucky University,Mathematics,0,0,Civilian,4,"STS-68 (Endeavor), STS-79 (Atlantis), STS-89 (Endeavor), STS-106 (Atlantis)",0,0,South,59042,physical sciences/math
Terry Hart,United States,Man,STS-41-C (1984),1,1978.0,8.0,Retired,1946,Pennsylvania,Lehigh University; MIT; Rutgers University,Mechanical Engineering,Mechanical Engineering; Electrical Engineering,0,Civilian,1,STS 41-C (Challenger),0,0,Northeast,10060,engineering/tech
Thomas Akers,United States,Man,"STS-41 (1990), STS-49 (1992), STS-61 (1993), STS-79 (1996)",4,1987.0,12.0,Retired,1951,Missouri,University of Missouri-Rolla,Applied Mathematics,Applied Mathematics,Colonel,US Air Force,4,"STS-41 (Discovery), STS-49 (Endeavor), STS-61 (Endeavor), STS-79 (Atlantis)",0,0,Midwest,49004,physical sciences/math
Thomas D. Jones,United States,Man,"STS-59 (1994), STS-68 (1994), STS-80 (1996), STS-98 (2001)",4,1990.0,13.0,Retired,1955,Maryland,US Air Force Academy; University of Arizona,0,Planetary Science,0,Civilian,4,"STS-59 (Endeavor), STS-68 (Endeavor), STS-80 (Columbia), STS-98 (Atlantis)",0,0,South,76369,other/interdisciplinary
Thomas Hennen,United States,Man,STS-44 (1991),1,0.0,0.0,Retired,1952,Georgia,0,0,0,Chief Warrant Officer,US Army,1,STS-44 (Atlantis),0,0,South,10010,other/interdisciplinary
"Thomas Kenneth ""Ken"" Mattingly II",United States,Man,"Apollo 16 (1972), STS-4 (1982), STS-51-C (1985)",3,1966.0,5.0,Retired,1936,Illinois,Auburn University,Aeronautical Engineering,0,Rear Admiral,US Navy,3,"Apollo 16, STS-4 (Columbia), STS 51-C (Discovery)",0,0,Midwest,30513,engineering/tech
Thomas Patten Stafford,United States,Man,"Gemini 6A (1965), Gemini 9A (1966), Apollo 10 (1969), Apollo-Soyuz Test Project (1975)",4,1962.0,2.0,Retired,1930,Oklahoma,US Naval Academy,0,0,Lieutenant General,US Air Force,4,"Gemini 6, Gemini 9, Apollo 10, Apollo-Soyuz Test Project",0,0,South,30463,other/interdisciplinary
Timothy Creamer,United States,Man,Soyuz TMA-17 (2009),1,1998.0,17.0,Management,1959,Arizona,Loyola College; MIT,Chemistry,Physics,Colonel,US Army,1,ISS-22/23 (Soyuz),0,0,West,235053,physical sciences/math
Timothy L. Kopra,United States,Man,"STS-127 (2009), Soyuz TMA-19M (2015)",2,2000.0,18.0,Active,1963,Texas,US Military Academy; Georgia Institute of Technology; US Army War College,Computer Science,Aerospace Engineering; Strategic Studies,Colonel,US Army,2,"STS-127/128 (Endeavor/Discovery), ISS-46/47 (Soyuz)",0,0,South,351421,other/interdisciplinary
Vance Brand,United States,Man,"Apollo-Soyuz Test Project (1975), STS-5 (1982), STS-41-B (1984), STS-35 (1990)",4,1966.0,5.0,Retired,1931,California,University of Colorado; University of California Los Angeles,Business Management; Aeronautical Engineering,Business Administration,0,US Marine Corps,4,"Apollo-Soyuz Test Project, STS-5 (Columbia), STS 41-B (Challenger), STS-35 (Columbia)",0,0,West,44763,engineering/tech
"Virgil I. ""Gus"" Grissom",United States,Man,"Mercury-Redstone 4 (1961), Gemini 3 (1965)",2,1959.0,1.0,Deceased,1926,Indiana,Purdue University,Mechanical Engineering,0,Lieutenant Colonel,US Air Force,2,"Mercury 4, Gemini 3, Apollo 1",1/27/1967,Apollo 1,Midwest,308,engineering/tech
Walter Cunningham,United States,Man,Apollo 7 (1968),1,1963.0,3.0,Retired,1932,Iowa,University of California-Los Angeles,Physics,Physics,Colonel,US Marine Corps,1,Apollo 7,0,0,Midwest,15609,physical sciences/math
Wendy Lawrence,United States,Woman,"STS-67 (1995), STS-86 (1997), STS-91 (1998), STS-114 (2005)",4,1992.0,14.0,Retired,1959,Florida,US Naval Academy; MIT,Ocean Engineering,Ocean Engineering,Captain,US Navy,4,"STS-67 (Endeavor), STS-86 (Atlantis), STS-91 (Discovery), STS-114 (Discovery)",0,0,South,75115,engineering/tech
William B. Lenoir,United States,Man,STS-5 (1982),1,1967.0,6.0,Deceased,1939,Florida,MIT,Electrical Engineering,Electrical Engineering,0,Civilian,1,STS-5 (Columbia),8/26/2012,0,South,7334,engineering/tech
William C. McCool,United States,Man,STS-107 (2003),1,1996.0,16.0,Deceased,1961,California,US Naval Academy; University of Maryland; US Naval Postgraduate School,Naval Sciences,Computer Science; Aeronautical Engineering,Commander,US Navy,1,STS-107 (Columbia),2/1/2003,STS-107 (Columbia),West,22940,business/social sciences
William Gregory,United States,Man,STS-67 (1995),1,1990.0,13.0,Retired,1957,New York,US Air Force Academy; Columbia University; Troy State University,Engineering Science,Engineering Mechanics; Business Management,Lieutenant Colonel,US Air Force,1,STS-67 (Endeavor),0,0,Northeast,23948,engineering/tech
William Oefelein,United States,Man,STS-116 (2006),1,1998.0,17.0,Retired,1965,Virginia,Oregon State University; University of Tennessee,Electrical Engineering,Aviation Systems,Commander,US Navy,1,STS-116 (Discovery),0,0,South,18524,engineering/tech
William Pailes,United States,Man,STS-51-J (1985),1,0.0,0.0,Retired,1952,New Jersey,US Air Force Academy; Texas A&M University,Computer Science,Computer Science,Colonel,US Air Force,1,STS 51-J (Atlantis),0,0,Northeast,5864,other/interdisciplinary
William Pogue,United States,Man,Skylab 4 (1973),1,1966.0,5.0,Retired,1930,Oklahoma,Oklahoma Baptist University; Oklahoma State University,Education,Mathematics,Colonel,US Air Force,1,Skylab 4,0,0,South,121035,other/interdisciplinary
William Readdy,United States,Man,"STS-42 (1992), STS-51 (1993), STS-79 (1996)",3,1987.0,12.0,Retired,1952,Rhode Island,US Naval Academy,Aerospace Engineering,0,Captain,US Navy,3,"STS-42 (Discovery), STS-51 (Discovery), STS-79 (Atlantis)",0,0,Northeast,40364,engineering/tech
William Shepherd,United States,Man,"STS-27 (1988), STS-41 (1990), STS-52 (1992), Soyuz TM-31 (2000)",4,1984.0,10.0,Retired,1949,Tennessee,US Naval Academy; MIT,Aerospace Engineering,Mechanical  Engineering,Captain,US Navy,4,"STS-37 (Atlantis), STS-41 (Discovery), STS-52 (Columbia), ISS-01/STS-102 (Soyuz/Discovery)",0,0,South,229315,engineering/tech
Winston Scott,United States,Man,"STS-72 (1996), STS-87 (1997)",2,1992.0,14.0,Retired,1950,Florida,Florida State University; US Naval Postgraduate School,Music,Aeronautical Engineering,Captain,US Navy,2,"STS-72 (Endeavor), STS-87 (Columbia)",0,0,South,35434,other/interdisciplinary
